Unnamed: 0,Unnamed: 1,Unnamed: 2
,,
מדינת המוכר,RPR מצב,RPR
AC,1,1
BA,1,1
CE,1,1
DF,1,0.9
ES,1,1
GO,1,1
MG,1,0.9857142857142858
MT,1,1
PB,1,1
PE,1,1
PR,1,0.9484536082474226
RJ,1,0.9736842105263158
RN,1,1
RS,1,1
SC,1,1
SP,1,0.9715189873417721
Grand Total,1,0.9484240687679083
