Row Labels,CSAT,Unnamed: 2,Unnamed: 3,Unnamed: 4,Unnamed: 5,Unnamed: 6,רמת פירוט הביקורת,CSAT.1,CSAT מצב
long review,2.7358490566037736,,,,,,long review,2.7358490566037736,-1
no text,4.354223433242507,,,,,,no text,4.354223433242507,1
short review,4.012315270935961,,,,,,short review,4.012315270935961,1
Grand Total,4.049268668206312,,,,,,Grand Total,4.049268668206312,1
